Tahun,BI_Rate
2008,9.25
2009,7.145833333
2010,6.5
2011,6.583333333
2012,5.770833333
